School Name,School Type,Starting Median Salary,Mid-Career Median Salary,Mid-Career 10th Percentile Salary,Mid-Career 25th Percentile Salary,Mid-Career 75th Percentile Salary,Mid-Career 90th Percentile Salary
Massachusetts Institute of Technology (MIT),Private,"$72,200.00 ","$126,000.00 ","$76,800.00 ","$99,200.00 ","$168,000.00 ","$220,000.00 "
California Institute of Technology (CIT),Private,"$75,500.00 ","$123,000.00 ",N/A,"$104,000.00 ","$161,000.00 ",N/A
Harvey Mudd College,Private,"$71,800.00 ","$122,000.00 ",N/A,"$96,000.00 ","$180,000.00 ",N/A
"Polytechnic University of New York, Brooklyn",Private,"$62,400.00 ","$114,000.00 ","$66,800.00 ","$94,300.00 ","$143,000.00 ","$190,000.00 "
Cooper Union,Private,"$62,200.00 ","$114,000.00 ",N/A,"$80,200.00 ","$142,000.00 ",N/A
Worcester Polytechnic Institute (WPI),Private,"$61,000.00 ","$114,000.00 ","$80,000.00 ","$91,200.00 ","$137,000.00 ","$180,000.00 "
Carnegie Mellon University (CMU),Private,"$61,800.00 ","$111,000.00 ","$63,300.00 ","$80,100.00 ","$150,000.00 ","$209,000.00 "
Rensselaer Polytechnic Institute (RPI),Private,"$61,100.00 ","$110,000.00 ","$71,600.00 ","$85,500.00 ","$140,000.00 ","$182,000.00 "
Georgia Institute of Technology,Public,"$58,300.00 ","$106,000.00 ","$67,200.00 ","$85,200.00 ","$137,000.00 ","$183,000.00 "
Colorado School of Mines,Public,"$58,100.00 ","$106,000.00 ","$62,200.00 ","$87,900.00 ","$142,000.00 ","$201,000.00 "
Stevens Institute of Technology,Private,"$60,600.00 ","$105,000.00 ","$68,700.00 ","$81,900.00 ","$138,000.00 ","$185,000.00 "
Illinois Institute of Technology (IIT),Private,"$56,000.00 ","$97,800.00 ","$56,100.00 ","$77,400.00 ","$121,000.00 ","$165,000.00 "
Wentworth Institute of Technology,Private,"$53,000.00 ","$96,700.00 ","$55,200.00 ","$74,000.00 ","$117,000.00 ","$153,000.00 "
Virginia Polytechnic Institute and State University (Virginia Tech),Public,"$53,500.00 ","$95,400.00 ","$50,600.00 ","$71,400.00 ","$124,000.00 ","$163,000.00 "
South Dakota School of Mines & Technology,Public,"$55,800.00 ","$93,400.00 ","$71,500.00 ","$81,900.00 ","$122,000.00 ","$147,000.00 "
New Mexico Institute of Mining and Technology (New Mexico Tech),Public,"$51,000.00 ","$93,400.00 ",N/A,"$67,400.00 ","$123,000.00 ",N/A
Rochester Institute of Technology (RIT),Private,"$48,900.00 ","$84,600.00 ","$45,000.00 ","$62,100.00 ","$112,000.00 ","$159,000.00 "
Embry-Riddle Aeronautical University (ERAU),Private,"$52,700.00 ","$80,700.00 ","$49,800.00 ","$64,000.00 ","$106,000.00 ","$142,000.00 "
Tennessee Technological University,Public,"$46,200.00 ","$80,000.00 ","$42,100.00 ","$62,600.00 ","$99,500.00 ","$121,000.00 "
University of Illinois at Urbana-Champaign (UIUC),Public,"$52,900.00 ","$96,100.00 ","$48,200.00 ","$68,900.00 ","$132,000.00 ","$177,000.00 "
"University of Maryland, College Park",Public,"$52,000.00 ","$95,000.00 ","$50,400.00 ","$68,300.00 ","$126,000.00 ","$166,000.00 "
"University of California, Santa Barbara (UCSB)",Public,"$50,500.00 ","$95,000.00 ","$51,300.00 ","$71,200.00 ","$129,000.00 ","$173,000.00 "
University of Texas (UT) - Austin,Public,"$49,700.00 ","$93,900.00 ","$50,100.00 ","$67,400.00 ","$129,000.00 ","$188,000.00 "
State University of New York (SUNY) at Albany,Public,"$44,500.00 ","$92,200.00 ","$47,000.00 ","$63,100.00 ","$135,000.00 ","$209,000.00 "
University of Florida (UF),Public,"$47,100.00 ","$87,900.00 ","$45,400.00 ","$62,900.00 ","$120,000.00 ","$172,000.00 "
Louisiana State University (LSU),Public,"$46,900.00 ","$87,800.00 ","$43,700.00 ","$61,300.00 ","$120,000.00 ","$165,000.00 "
University of Georgia (UGA),Public,"$44,100.00 ","$86,000.00 ","$43,100.00 ","$57,800.00 ","$118,000.00 ","$164,000.00 "
Pennsylvania State University (PSU),Public,"$49,900.00 ","$85,700.00 ","$46,300.00 ","$62,000.00 ","$117,000.00 ","$160,000.00 "
Arizona State University (ASU),Public,"$47,400.00 ","$84,100.00 ","$44,600.00 ","$60,700.00 ","$114,000.00 ","$163,000.00 "
"Indiana University (IU), Bloomington",Public,"$46,300.00 ","$84,000.00 ","$43,600.00 ","$60,400.00 ","$119,000.00 ","$178,000.00 "
University of Iowa (UI),Public,"$44,700.00 ","$83,900.00 ","$43,300.00 ","$61,100.00 ","$116,000.00 ","$163,000.00 "
Randolph-Macon College,Public,"$42,600.00 ","$83,600.00 ",N/A,"$54,100.00 ","$123,000.00 ",N/A
"University of Alabama, Tuscaloosa",Public,"$41,300.00 ","$81,400.00 ","$40,100.00 ","$56,500.00 ","$117,000.00 ","$161,000.00 "
University of Mississippi,Public,"$41,400.00 ","$79,700.00 ","$40,400.00 ","$53,500.00 ","$108,000.00 ","$186,000.00 "
University of New Hampshire (UNH),Public,"$41,800.00 ","$78,300.00 ","$41,700.00 ","$56,400.00 ","$114,000.00 ","$147,000.00 "
West Virginia University (WVU),Public,"$43,100.00 ","$78,100.00 ","$39,700.00 ","$55,700.00 ","$106,000.00 ","$141,000.00 "
University of Tennessee,Public,"$43,800.00 ","$74,600.00 ","$41,900.00 ","$53,200.00 ","$106,000.00 ","$153,000.00 "
Ohio University,Public,"$42,200.00 ","$73,400.00 ","$36,600.00 ","$52,800.00 ","$106,000.00 ","$150,000.00 "
Florida State University (FSU),Public,"$42,100.00 ","$73,000.00 ","$39,600.00 ","$52,800.00 ","$107,000.00 ","$156,000.00 "
Bucknell University,Private,"$54,100.00 ","$110,000.00 ","$62,800.00 ","$80,600.00 ","$156,000.00 ","$251,000.00 "
Colgate University,Private,"$52,800.00 ","$108,000.00 ","$60,000.00 ","$76,700.00 ","$167,000.00 ","$265,000.00 "
Amherst College,Private,"$54,500.00 ","$107,000.00 ",N/A,"$84,900.00 ","$162,000.00 ",N/A
Lafayette College,Private,"$53,900.00 ","$107,000.00 ","$70,600.00 ","$79,300.00 ","$144,000.00 ","$204,000.00 "
Bowdoin College,Private,"$48,100.00 ","$107,000.00 ",N/A,"$74,600.00 ","$146,000.00 ",N/A
College of the Holy Cross,Private,"$50,200.00 ","$106,000.00 ",N/A,"$65,600.00 ","$143,000.00 ",N/A
Occidental College,Private,"$51,900.00 ","$105,000.00 ",N/A,"$54,800.00 ","$157,000.00 ",N/A
Washington and Lee University,Private,"$53,600.00 ","$104,000.00 ",N/A,"$82,800.00 ","$146,000.00 ",N/A
Swarthmore College,Private,"$49,700.00 ","$104,000.00 ",N/A,"$67,200.00 ","$167,000.00 ",N/A
Davidson College,Private,"$46,100.00 ","$104,000.00 ",N/A,"$70,500.00 ","$146,000.00 ",N/A
Carleton College,Private,"$47,500.00 ","$103,000.00 ",N/A,"$69,400.00 ","$141,000.00 ",N/A
Williams College,Private,"$51,700.00 ","$102,000.00 ",N/A,"$76,400.00 ","$143,000.00 ",N/A
Pomona College,Private,"$48,600.00 ","$101,000.00 ",N/A,"$63,300.00 ","$161,000.00 ",N/A
"Wesleyan University (Middletown, Connecticut)",Private,"$46,500.00 ","$97,900.00 ","$42,000.00 ","$62,500.00 ","$126,000.00 ","$215,000.00 "
Bates College,Private,"$47,300.00 ","$96,500.00 ",N/A,"$60,700.00 ","$162,000.00 ",N/A
Union College,Private,"$47,200.00 ","$95,800.00 ","$48,700.00 ","$75,200.00 ","$135,000.00 ","$230,000.00 "
University of Richmond,Private,"$48,600.00 ","$94,600.00 ","$44,500.00 ","$59,400.00 ","$151,000.00 ","$211,000.00 "
Vassar College,Private,"$46,000.00 ","$94,600.00 ",N/A,"$60,600.00 ","$123,000.00 ",N/A
Middlebury College,Private,"$47,700.00 ","$94,200.00 ",N/A,"$69,100.00 ","$129,000.00 ",N/A
Mount Holyoke College,Private,"$42,400.00 ","$94,100.00 ",N/A,"$57,100.00 ","$131,000.00 ",N/A
Franklin and Marshall College,Private,"$49,100.00 ","$92,800.00 ",N/A,"$55,800.00 ","$185,000.00 ",N/A
DePauw University,Private,"$41,400.00 ","$88,300.00 ","$49,500.00 ","$57,400.00 ","$133,000.00 ","$185,000.00 "
St. Olaf College,Private,"$45,300.00 ","$86,200.00 ","$41,300.00 ","$61,000.00 ","$120,000.00 ","$185,000.00 "
Colby College,Private,"$46,400.00 ","$85,800.00 ",N/A,"$63,500.00 ","$129,000.00 ",N/A
Gettysburg College,Private,"$44,700.00 ","$85,800.00 ",N/A,"$66,300.00 ","$132,000.00 ",N/A
Siena College,Private,"$45,500.00 ","$85,200.00 ","$38,700.00 ","$58,400.00 ","$129,000.00 ","$189,000.00 "
Smith College,Private,"$44,000.00 ","$83,900.00 ","$45,100.00 ","$59,800.00 ","$129,000.00 ","$184,000.00 "
Hamilton College,Private,"$49,200.00 ","$83,700.00 ",N/A,"$51,900.00 ","$123,000.00 ",N/A
Randolph-Macon College,Private,"$42,600.00 ","$83,600.00 ",N/A,"$54,100.00 ","$123,000.00 ",N/A
Wellesley College,Private,"$42,800.00 ","$83,500.00 ",N/A,"$58,600.00 ","$125,000.00 ",N/A
Denison University,Private,"$42,000.00 ","$83,500.00 ",N/A,"$62,100.00 ","$122,000.00 ",N/A
Oberlin College,Private,"$43,400.00 ","$81,600.00 ",N/A,"$46,400.00 ","$128,000.00 ",N/A
University of Puget Sound,Private,"$46,600.00 ","$81,500.00 ","$48,900.00 ","$60,100.00 ","$104,000.00 ","$137,000.00 "
Colorado College (CC),Private,"$38,500.00 ","$81,400.00 ",N/A,"$43,000.00 ","$148,000.00 ",N/A
Reed College,Private,"$40,500.00 ","$81,100.00 ",N/A,"$67,400.00 ","$101,000.00 ",N/A
Gustavus Adolphus College,Private,"$44,500.00 ","$80,600.00 ",N/A,"$49,300.00 ","$101,000.00 ",N/A
Whitman College,Private,"$43,500.00 ","$80,100.00 ",N/A,"$64,800.00 ","$111,000.00 ",N/A
Ursinus College,Private,"$42,100.00 ","$80,000.00 ","$35,600.00 ","$54,300.00 ","$100,000.00 ","$160,000.00 "
Juniata College,Private,"$41,800.00 ","$78,900.00 ",N/A,"$67,200.00 ","$110,000.00 ",N/A
Wittenberg University,Private,"$39,200.00 ","$78,200.00 ",N/A,"$54,100.00 ","$131,000.00 ",N/A
Grinnell College,Private,"$42,600.00 ","$76,600.00 ",N/A,"$65,100.00 ","$116,000.00 ",N/A
Skidmore College,Private,"$41,600.00 ","$74,600.00 ",N/A,"$42,800.00 ","$147,000.00 ",N/A
Moravian College,Private,"$42,500.00 ","$74,400.00 ",N/A,"$56,700.00 ","$94,900.00 ",N/A
Lewis & Clark College,Private,"$38,900.00 ","$72,600.00 ","$38,200.00 ","$53,400.00 ","$104,000.00 ","$140,000.00 "
Fort Lewis College,Public,"$42,000.00 ","$69,800.00 ",N/A,"$55,000.00 ","$94,000.00 ",N/A
Thomas Aquinas College,Private,"$41,500.00 ","$67,500.00 ",N/A,"$44,600.00 ","$93,100.00 ",N/A
Evergreen State College,Public,"$39,500.00 ","$63,900.00 ","$38,800.00 ","$47,200.00 ","$91,600.00 ","$120,000.00 "
Dartmouth College,Private,"$58,000.00 ","$134,000.00 ","$63,100.00 ","$90,200.00 ","$234,000.00 ","$321,000.00 "
Princeton University,Private,"$66,500.00 ","$131,000.00 ","$68,900.00 ","$100,000.00 ","$190,000.00 ","$261,000.00 "
Yale University,Private,"$59,100.00 ","$126,000.00 ","$58,000.00 ","$80,600.00 ","$198,000.00 ","$326,000.00 "
Harvard University,Private,"$63,400.00 ","$124,000.00 ","$54,800.00 ","$86,200.00 ","$179,000.00 ","$288,000.00 "
University of Pennsylvania,Private,"$60,900.00 ","$120,000.00 ","$55,900.00 ","$79,200.00 ","$192,000.00 ","$282,000.00 "
Cornell University,Private,"$60,300.00 ","$110,000.00 ","$56,800.00 ","$79,800.00 ","$160,000.00 ","$210,000.00 "
Brown University,Private,"$56,200.00 ","$109,000.00 ","$55,400.00 ","$74,400.00 ","$159,000.00 ","$228,000.00 "
Columbia University,Private,"$59,400.00 ","$107,000.00 ","$50,300.00 ","$71,900.00 ","$161,000.00 ","$241,000.00 "
"University of California, Berkeley",Public,"$59,900.00 ","$112,000.00 ","$59,500.00 ","$81,000.00 ","$149,000.00 ","$201,000.00 "
University of Virginia (UVA),Public,"$52,700.00 ","$103,000.00 ","$52,200.00 ","$71,800.00 ","$146,000.00 ","$215,000.00 "
Cal Poly San Luis Obispo,Public,"$57,200.00 ","$101,000.00 ","$55,000.00 ","$74,700.00 ","$133,000.00 ","$178,000.00 "
University of California at Los Angeles (UCLA),Public,"$52,600.00 ","$101,000.00 ","$51,300.00 ","$72,500.00 ","$139,000.00 ","$193,000.00 "
"University of California, San Diego (UCSD)",Public,"$51,100.00 ","$101,000.00 ","$51,700.00 ","$75,400.00 ","$131,000.00 ","$177,000.00 "
"University of California, Davis",Public,"$52,300.00 ","$99,600.00 ","$52,000.00 ","$71,600.00 ","$135,000.00 ","$202,000.00 "
University of Colorado - Boulder (UCB),Public,"$47,100.00 ","$97,600.00 ","$51,600.00 ","$69,000.00 ","$128,000.00 ","$187,000.00 "
"University of California, Irvine (UCI)",Public,"$48,300.00 ","$96,700.00 ","$47,800.00 ","$66,000.00 ","$123,000.00 ","$172,000.00 "
University of Illinois at Urbana-Champaign (UIUC),Public,"$52,900.00 ","$96,100.00 ","$48,200.00 ","$68,900.00 ","$132,000.00 ","$177,000.00 "
Texas A&M University,Public,"$49,700.00 ","$96,100.00 ","$51,100.00 ","$71,300.00 ","$131,000.00 ","$171,000.00 "
Binghamton University,Public,"$53,600.00 ","$95,900.00 ","$50,900.00 ","$71,200.00 ","$146,000.00 ","$201,000.00 "
University of Missouri - Rolla (UMR),Public,"$57,100.00 ","$95,800.00 ","$67,600.00 ","$80,400.00 ","$122,000.00 ","$166,000.00 "
San Jose State University (SJSU),Public,"$53,500.00 ","$95,600.00 ","$50,700.00 ","$70,500.00 ","$122,000.00 ","$156,000.00 "
"University of Maryland, College Park",Public,"$52,000.00 ","$95,000.00 ","$50,400.00 ","$68,300.00 ","$126,000.00 ","$166,000.00 "
"University of California, Santa Barbara (UCSB)",Public,"$50,500.00 ","$95,000.00 ","$51,300.00 ","$71,200.00 ","$129,000.00 ","$173,000.00 "
University of Texas (UT) - Austin,Public,"$49,700.00 ","$93,900.00 ","$50,100.00 ","$67,400.00 ","$129,000.00 ","$188,000.00 "
University of Michigan,Public,"$52,700.00 ","$93,000.00 ","$50,900.00 ","$69,400.00 ","$128,000.00 ","$182,000.00 "
Stony Brook University,Public,"$49,500.00 ","$93,000.00 ","$47,200.00 ","$67,100.00 ","$129,000.00 ","$181,000.00 "
State University of New York (SUNY) at Albany,Public,"$44,500.00 ","$92,200.00 ","$47,000.00 ","$63,100.00 ","$135,000.00 ","$209,000.00 "
Rutgers University,Public,"$50,300.00 ","$91,800.00 ","$48,100.00 ","$65,100.00 ","$128,000.00 ","$176,000.00 "
Purdue University,Public,"$51,400.00 ","$90,500.00 ","$49,900.00 ","$67,400.00 ","$121,000.00 ","$168,000.00 "
University of Connecticut (UConn),Public,"$48,000.00 ","$88,800.00 ","$46,100.00 ","$66,400.00 ","$120,000.00 ","$162,000.00 "
University of Massachusetts (UMass) - Amherst,Public,"$46,600.00 ","$88,200.00 ","$43,100.00 ","$61,300.00 ","$122,000.00 ","$168,000.00 "
"California State University (CSU), Chico",Public,"$47,400.00 ","$88,100.00 ","$46,800.00 ","$62,800.00 ","$122,000.00 ","$154,000.00 "
University of Florida (UF),Public,"$47,100.00 ","$87,900.00 ","$45,400.00 ","$62,900.00 ","$120,000.00 ","$172,000.00 "
University of Wisconsin (UW) - Madison,Public,"$48,900.00 ","$87,800.00 ","$47,400.00 ","$62,400.00 ","$118,000.00 ","$170,000.00 "
Louisiana State University (LSU),Public,"$46,900.00 ","$87,800.00 ","$43,700.00 ","$61,300.00 ","$120,000.00 ","$165,000.00 "
"California State University, Fullerton (CSUF)",Public,"$45,700.00 ","$87,000.00 ","$45,400.00 ","$62,500.00 ","$119,000.00 ","$158,000.00 "
George Mason University,Public,"$47,800.00 ","$86,900.00 ","$51,300.00 ","$67,200.00 ","$114,000.00 ","$150,000.00 "
University of Massachusetts (UMass) - Lowell,Public,"$45,400.00 ","$86,600.00 ","$50,900.00 ","$65,000.00 ","$113,000.00 ","$158,000.00 "
San Francisco State University (SFSU),Public,"$47,300.00 ","$86,400.00 ","$45,100.00 ","$62,700.00 ","$114,000.00 ","$150,000.00 "
University of Arizona,Public,"$47,500.00 ","$86,100.00 ","$44,800.00 ","$61,700.00 ","$117,000.00 ","$160,000.00 "
Clemson University,Public,"$48,400.00 ","$86,000.00 ","$50,500.00 ","$61,800.00 ","$111,000.00 ","$150,000.00 "
University of Georgia (UGA),Public,"$44,100.00 ","$86,000.00 ","$43,100.00 ","$57,800.00 ","$118,000.00 ","$164,000.00 "
Pennsylvania State University (PSU),Public,"$49,900.00 ","$85,700.00 ","$46,300.00 ","$62,000.00 ","$117,000.00 ","$160,000.00 "
University of Washington (UW),Public,"$48,800.00 ","$85,300.00 ","$47,000.00 ","$59,800.00 ","$115,000.00 ","$149,000.00 "
Michigan State University (MSU),Public,"$46,300.00 ","$85,300.00 ","$44,200.00 ","$61,500.00 ","$119,000.00 ","$170,000.00 "
University of Rhode Island (URI),Public,"$43,900.00 ","$85,300.00 ","$45,400.00 ","$60,100.00 ","$112,000.00 ","$157,000.00 "
San Diego State University (SDSU),Public,"$46,200.00 ","$85,200.00 ","$45,500.00 ","$61,800.00 ","$116,000.00 ","$158,000.00 "
Auburn University,Public,"$45,400.00 ","$84,700.00 ","$45,400.00 ","$62,700.00 ","$109,000.00 ","$145,000.00 "
Washington State University (WSU),Public,"$45,300.00 ","$84,700.00 ","$43,600.00 ","$59,000.00 ","$113,000.00 ","$162,000.00 "
"California State University, Long Beach (CSULB)",Public,"$45,100.00 ","$84,700.00 ","$47,400.00 ","$62,500.00 ","$113,000.00 ","$154,000.00 "
Iowa State University,Public,"$45,400.00 ","$84,600.00 ","$44,400.00 ","$60,000.00 ","$109,000.00 ","$147,000.00 "
University of Delaware,Public,"$45,900.00 ","$84,500.00 ","$44,500.00 ","$64,000.00 ","$119,000.00 ","$165,000.00 "
University of Colorado - Denver,Public,"$46,100.00 ","$84,400.00 ","$46,400.00 ","$58,600.00 ","$105,000.00 ","$144,000.00 "
"California State University, East Bay (CSUEB)",Public,"$49,200.00 ","$84,300.00 ","$46,000.00 ","$62,400.00 ","$115,000.00 ","$155,000.00 "
State University of New York (SUNY) at Farmingdale,Public,"$47,300.00 ","$84,200.00 ","$50,200.00 ","$59,800.00 ","$110,000.00 ","$162,000.00 "
University of Minnesota,Public,"$46,200.00 ","$84,200.00 ","$49,000.00 ","$63,200.00 ","$112,000.00 ","$148,000.00 "
Arizona State University (ASU),Public,"$47,400.00 ","$84,100.00 ","$44,600.00 ","$60,700.00 ","$114,000.00 ","$163,000.00 "
"University of California, Santa Cruz (UCSC)",Public,"$44,700.00 ","$84,100.00 ","$46,100.00 ","$62,000.00 ","$121,000.00 ","$165,000.00 "
"Indiana University (IU), Bloomington",Public,"$46,300.00 ","$84,000.00 ","$43,600.00 ","$60,400.00 ","$119,000.00 ","$178,000.00 "
University of Iowa (UI),Public,"$44,700.00 ","$83,900.00 ","$43,300.00 ","$61,100.00 ","$116,000.00 ","$163,000.00 "
Ohio State University (OSU),Public,"$44,900.00 ","$83,700.00 ","$45,500.00 ","$60,700.00 ","$116,000.00 ","$162,000.00 "
North Carolina State University (NCSU),Public,"$47,200.00 ","$83,300.00 ","$49,200.00 ","$64,800.00 ","$112,000.00 ","$153,000.00 "
Oregon State University (OSU),Public,"$45,100.00 ","$83,300.00 ","$46,900.00 ","$64,000.00 ","$113,000.00 ","$146,000.00 "
University of Utah,Public,"$45,400.00 ","$83,200.00 ","$43,000.00 ","$58,400.00 ","$116,000.00 ","$148,000.00 "
"University of Nevada, Reno (UNR)",Public,"$46,500.00 ","$82,900.00 ","$41,900.00 ","$54,600.00 ","$113,000.00 ","$143,000.00 "
University of Oklahoma,Public,"$44,700.00 ","$82,900.00 ","$41,200.00 ","$60,300.00 ","$114,000.00 ","$167,000.00 "
University of Arkansas,Public,"$44,100.00 ","$82,800.00 ","$43,200.00 ","$60,700.00 ","$113,000.00 ","$160,000.00 "
University of Vermont (UVM),Public,"$44,800.00 ","$82,700.00 ","$44,700.00 ","$58,000.00 ","$122,000.00 ","$194,000.00 "
University of Alabama at Huntsville (UAH),Public,"$43,100.00 ","$82,700.00 ","$46,100.00 ","$67,800.00 ","$106,000.00 ","$132,000.00 "
"California State University, Sacramento (CSUS)",Public,"$47,800.00 ","$82,400.00 ","$42,900.00 ","$59,600.00 ","$111,000.00 ","$154,000.00 "
University of Idaho,Public,"$44,900.00 ","$82,000.00 ","$43,000.00 ","$56,700.00 ","$104,000.00 ","$142,000.00 "
University of Illinois at Chicago,Public,"$47,500.00 ","$81,700.00 ","$44,700.00 ","$58,800.00 ","$110,000.00 ","$146,000.00 "
State University of New York (SUNY) at Buffalo,Public,"$46,200.00 ","$81,700.00 ","$45,900.00 ","$61,400.00 ","$110,000.00 ","$147,000.00 "
University of Kansas,Public,"$42,400.00 ","$81,600.00 ","$44,800.00 ","$57,200.00 ","$115,000.00 ","$156,000.00 "
University of New Mexico (UNM),Public,"$41,600.00 ","$81,600.00 ","$41,800.00 ","$59,100.00 ","$105,000.00 ","$141,000.00 "
University of North Carolina at Chapel Hill (UNCH),Public,"$42,900.00 ","$81,500.00 ","$43,400.00 ","$57,500.00 ","$117,000.00 ","$155,000.00 "
"University of Alabama, Tuscaloosa",Public,"$41,300.00 ","$81,400.00 ","$40,100.00 ","$56,500.00 ","$117,000.00 ","$161,000.00 "
"University of California, Riverside (UCR)",Public,"$46,800.00 ","$81,300.00 ","$37,200.00 ","$59,900.00 ","$109,000.00 ","$134,000.00 "
State University of New York (SUNY) at Geneseo,Public,"$42,300.00 ","$81,300.00 ","$39,300.00 ","$47,600.00 ","$117,000.00 ","$173,000.00 "
University of Missouri - Columbia,Public,"$41,700.00 ","$81,000.00 ","$43,500.00 ","$57,100.00 ","$111,000.00 ","$156,000.00 "
University of Nebraska,Public,"$45,700.00 ","$80,900.00 ","$42,200.00 ","$56,600.00 ","$113,000.00 ","$156,000.00 "
University of Texas at Arlington (UTA),Public,"$45,400.00 ","$80,800.00 ","$46,400.00 ","$61,200.00 ","$106,000.00 ","$138,000.00 "
Northern Illinois University (NIU),Public,"$43,600.00 ","$80,800.00 ","$43,900.00 ","$60,200.00 ","$111,000.00 ","$161,000.00 "
Oklahoma State University,Public,"$42,800.00 ","$80,700.00 ","$40,100.00 ","$56,500.00 ","$114,000.00 ","$151,000.00 "
University of North Dakota,Public,"$44,000.00 ","$80,600.00 ","$43,400.00 ","$56,400.00 ","$111,000.00 ","$157,000.00 "
"California State University, Northridge (CSUN)",Public,"$45,500.00 ","$80,400.00 ","$44,500.00 ","$57,800.00 ","$108,000.00 ","$153,000.00 "
University of Houston (UH),Public,"$46,000.00 ","$79,900.00 ","$42,000.00 ","$56,200.00 ","$106,000.00 ","$141,000.00 "
University of Mississippi,Public,"$41,400.00 ","$79,700.00 ","$40,400.00 ","$53,500.00 ","$108,000.00 ","$186,000.00 "
New Mexico State University,Public,"$44,300.00 ","$79,500.00 ","$37,400.00 ","$53,800.00 ","$102,000.00 ","$131,000.00 "
Lamar University,Public,"$46,500.00 ","$79,400.00 ","$38,700.00 ","$51,600.00 ","$114,000.00 ","$158,000.00 "
Mississippi State University (MSU),Public,"$44,500.00 ","$79,300.00 ","$43,300.00 ","$58,800.00 ","$108,000.00 ","$151,000.00 "
Colorado State University (CSU),Public,"$44,800.00 ","$79,000.00 ","$43,800.00 ","$57,100.00 ","$112,000.00 ","$150,000.00 "
Kansas State University (KSU),Public,"$43,300.00 ","$79,000.00 ","$37,200.00 ","$54,100.00 ","$106,000.00 ","$138,000.00 "
University of Wyoming (UW),Public,"$44,500.00 ","$78,700.00 ","$41,500.00 ","$54,000.00 ","$105,000.00 ","$145,000.00 "
Utah State University,Public,"$43,800.00 ","$78,700.00 ","$41,600.00 ","$55,400.00 ","$101,000.00 ","$132,000.00 "
University of Wisconsin (UW) - Platteville,Public,"$45,800.00 ","$78,500.00 ","$48,400.00 ","$61,200.00 ","$100,000.00 ","$139,000.00 "
University of Oregon,Public,"$42,200.00 ","$78,400.00 ","$38,100.00 ","$56,200.00 ","$117,000.00 ","$186,000.00 "
University of Kentucky (UK),Public,"$42,800.00 ","$78,300.00 ","$43,000.00 ","$57,300.00 ","$107,000.00 ","$149,000.00 "
University of New Hampshire (UNH),Public,"$41,800.00 ","$78,300.00 ","$41,700.00 ","$56,400.00 ","$114,000.00 ","$147,000.00 "
University of Massachusetts (UMass) - Boston,Public,"$45,600.00 ","$78,200.00 ","$36,300.00 ","$53,800.00 ","$109,000.00 ","$151,000.00 "
West Virginia University (WVU),Public,"$43,100.00 ","$78,100.00 ","$39,700.00 ","$55,700.00 ","$106,000.00 ","$141,000.00 "
University of Maryland Baltimore County (UMBC),Public,"$47,000.00 ","$77,800.00 ","$46,900.00 ","$59,100.00 ","$105,000.00 ","$130,000.00 "
North Dakota State University (NDSU),Public,"$45,100.00 ","$77,800.00 ","$39,000.00 ","$55,800.00 ","$100,000.00 ","$123,000.00 "
State University of New York (SUNY) at Oswego,Public,"$38,000.00 ","$77,800.00 ","$40,400.00 ","$53,000.00 ","$115,000.00 ","$169,000.00 "
University of Massachusetts (UMass) - Dartmouth,Public,"$43,200.00 ","$77,700.00 ","$43,300.00 ","$56,200.00 ","$107,000.00 ","$132,000.00 "
Montana State University - Bozeman,Public,"$46,600.00 ","$77,500.00 ","$40,200.00 ","$58,100.00 ","$111,000.00 ","$151,000.00 "
State University of New York (SUNY) at Oneonta,Public,"$37,500.00 ","$76,700.00 ","$40,000.00 ","$54,300.00 ","$97,700.00 ","$155,000.00 "
University of Louisiana (UL) at Lafayette,Public,"$41,100.00 ","$76,300.00 ","$42,000.00 ","$54,500.00 ","$107,000.00 ","$163,000.00 "
State University of New York (SUNY) at Plattsburgh,Public,"$40,800.00 ","$76,200.00 ","$38,400.00 ","$54,100.00 ","$105,000.00 ","$136,000.00 "
Wayne State University,Public,"$42,800.00 ","$76,100.00 ","$40,100.00 ","$56,200.00 ","$101,000.00 ","$139,000.00 "
University of Hawaii,Public,"$43,800.00 ","$76,000.00 ","$40,400.00 ","$56,300.00 ","$104,000.00 ","$128,000.00 "
University of Toledo,Public,"$43,100.00 ","$75,900.00 ","$40,100.00 ","$54,100.00 ","$100,000.00 ","$133,000.00 "
Florida International University (FIU),Public,"$43,200.00 ","$75,500.00 ","$40,500.00 ","$55,800.00 ","$98,200.00 ","$136,000.00 "
University of Wisconsin (UW) - Whitewater,Public,"$40,800.00 ","$75,500.00 ","$38,200.00 ","$53,500.00 ","$99,300.00 ","$150,000.00 "
Western Washington University,Public,"$42,700.00 ","$75,400.00 ","$41,300.00 ","$56,700.00 ","$99,200.00 ","$119,000.00 "
Minnesota State University - Mankato,Public,"$43,300.00 ","$74,700.00 ","$39,500.00 ","$53,800.00 ","$95,700.00 ","$140,000.00 "
University of Tennessee,Public,"$43,800.00 ","$74,600.00 ","$41,900.00 ","$53,200.00 ","$106,000.00 ","$153,000.00 "
University of Wisconsin (UW) - Milwaukee,Public,"$42,300.00 ","$74,600.00 ","$40,600.00 ","$54,000.00 ","$93,700.00 ","$123,000.00 "
University of Arkansas - Monticello (UAM),Public,"$39,200.00 ","$74,500.00 ","$32,800.00 ","$46,100.00 ","$110,000.00 ","$161,000.00 "
Penn State - Harrisburg,Public,"$45,700.00 ","$74,000.00 ","$44,000.00 ","$53,100.00 ","$104,000.00 ","$150,000.00 "
University of North Carolina at Charlotte (UNCC),Public,"$43,100.00 ","$74,000.00 ","$38,200.00 ","$53,200.00 ","$99,500.00 ","$133,000.00 "
Georgia State University,Public,"$41,800.00 ","$74,000.00 ","$43,000.00 ","$55,300.00 ","$99,900.00 ","$145,000.00 "
Western Michigan University (WMU),Public,"$42,300.00 ","$73,800.00 ","$40,100.00 ","$52,500.00 ","$103,000.00 ","$135,000.00 "
South Dakota State University (SDSU),Public,"$41,100.00 ","$73,500.00 ","$34,100.00 ","$49,900.00 ","$99,400.00 ","$129,000.00 "
Idaho State University,Public,"$44,900.00 ","$73,400.00 ","$35,400.00 ","$49,600.00 ","$101,000.00 ","$143,000.00 "
Ohio University,Public,"$42,200.00 ","$73,400.00 ","$36,600.00 ","$52,800.00 ","$106,000.00 ","$150,000.00 "
Illinois State University,Public,"$42,000.00 ","$73,400.00 ","$39,100.00 ","$55,200.00 ","$105,000.00 ","$142,000.00 "
Cleveland State University,Public,"$43,500.00 ","$73,100.00 ","$39,500.00 ","$51,600.00 ","$97,000.00 ","$137,000.00 "
Florida State University (FSU),Public,"$42,100.00 ","$73,000.00 ","$39,600.00 ","$52,800.00 ","$107,000.00 ","$156,000.00 "
"University of Alaska, Anchorage",Public,"$45,900.00 ","$72,600.00 ","$39,800.00 ","$56,600.00 ","$99,300.00 ","$137,000.00 "
Fitchburg State College,Public,"$42,400.00 ","$72,600.00 ","$43,300.00 ","$56,100.00 ","$99,600.00 ","$151,000.00 "
University of Nebraska at Omaha,Public,"$41,500.00 ","$72,600.00 ","$39,500.00 ","$54,400.00 ","$97,400.00 ","$126,000.00 "
Southern Illinois University Carbondale,Public,"$43,000.00 ","$72,500.00 ","$38,300.00 ","$51,300.00 ","$99,300.00 ","$139,000.00 "
University of Texas at El Paso (UTEP),Public,"$43,400.00 ","$72,100.00 ","$37,700.00 ","$50,400.00 ","$99,500.00 ","$133,000.00 "
"California State University, Dominguez Hills (CSUDH)",Public,"$42,700.00 ","$72,100.00 ","$30,800.00 ","$47,000.00 ","$92,200.00 ","$132,000.00 "
University Of Maine,Public,"$41,200.00 ","$72,100.00 ","$41,700.00 ","$55,600.00 ","$99,300.00 ","$141,000.00 "
Eastern Michigan University,Public,"$40,300.00 ","$72,100.00 ","$37,900.00 ","$52,800.00 ","$95,400.00 ","$135,000.00 "
Bowling Green State University,Public,"$39,800.00 ","$72,100.00 ","$38,200.00 ","$51,800.00 ","$101,000.00 ","$146,000.00 "
University of Montana,Public,"$37,300.00 ","$71,900.00 ","$37,000.00 ","$51,500.00 ","$96,400.00 ","$138,000.00 "
University of Central Florida (UCF),Public,"$42,600.00 ","$71,700.00 ","$39,500.00 ","$51,500.00 ","$98,400.00 ","$125,000.00 "
University of South Carolina,Public,"$40,000.00 ","$71,700.00 ","$36,300.00 ","$49,900.00 ","$98,400.00 ","$131,000.00 "
"University of Nevada, Las Vegas (UNLV)",Public,"$45,200.00 ","$71,600.00 ","$39,000.00 ","$52,400.00 ","$100,000.00 ","$128,000.00 "
St. Cloud State University,Public,"$41,800.00 ","$71,400.00 ","$38,700.00 ","$49,400.00 ","$101,000.00 ","$126,000.00 "
University of Wisconsin (UW) - Parkside,Public,"$40,700.00 ","$71,400.00 ","$40,900.00 ","$53,100.00 ","$84,900.00 ","$119,000.00 "
"California State University (CSU), Stanislaus",Public,"$38,000.00 ","$71,400.00 ","$33,700.00 ","$50,500.00 ","$94,100.00 ","$121,000.00 "
Humboldt State University,Public,"$42,600.00 ","$71,300.00 ","$36,000.00 ","$56,300.00 ","$94,400.00 ","$117,000.00 "
Florida Atlantic University (FAU),Public,"$42,600.00 ","$71,100.00 ","$40,700.00 ","$53,000.00 ","$99,500.00 ","$137,000.00 "
University of South Florida (USF),Public,"$41,100.00 ","$71,100.00 ","$39,600.00 ","$51,500.00 ","$98,100.00 ","$131,000.00 "
Portland State University (PSU),Public,"$42,600.00 ","$70,900.00 ","$40,700.00 ","$52,300.00 ","$94,400.00 ","$123,000.00 "
Eastern Washington University,Public,"$38,600.00 ","$70,900.00 ","$36,000.00 ","$50,500.00 ","$93,100.00 ","$117,000.00 "
University of Texas at San Antonio (UTSA),Public,"$42,500.00 ","$70,700.00 ","$39,100.00 ","$49,800.00 ","$92,700.00 ","$121,000.00 "
University of Akron,Public,"$41,100.00 ","$70,300.00 ","$40,600.00 ","$53,300.00 ","$95,200.00 ","$127,000.00 "
State University of New York (SUNY) at Potsdam,Public,"$38,000.00 ","$70,300.00 ","$35,100.00 ","$51,200.00 ","$100,000.00 ","$179,000.00 "
University of Alabama at Birmingham (UAB),Public,"$39,200.00 ","$70,100.00 ","$43,000.00 ","$53,400.00 ","$91,400.00 ","$125,000.00 "
University of Memphis (U of M),Public,"$41,400.00 ","$69,700.00 ","$36,100.00 ","$49,100.00 ","$93,500.00 ","$127,000.00 "
Boise State University (BSU),Public,"$40,800.00 ","$69,500.00 ","$37,400.00 ","$48,700.00 ","$87,500.00 ","$110,000.00 "
Missouri State University (MSU),Public,"$36,100.00 ","$69,500.00 ","$33,300.00 ","$46,900.00 ","$102,000.00 ","$134,000.00 "
University of Wisconsin (UW) - La Crosse,Public,"$42,200.00 ","$69,300.00 ","$37,500.00 ","$47,200.00 ","$93,100.00 ","$133,000.00 "
Appalachian State University,Public,"$40,400.00 ","$69,100.00 ","$37,200.00 ","$50,400.00 ","$90,800.00 ","$115,000.00 "
Virginia Commonwealth University (VCU),Public,"$42,000.00 ","$68,400.00 ","$37,400.00 ","$51,900.00 ","$100,000.00 ","$123,000.00 "
University of Wisconsin (UW) - Stout,Public,"$43,600.00 ","$68,300.00 ","$40,900.00 ","$50,600.00 ","$91,600.00 ","$136,000.00 "
East Carolina University (ECU),Public,"$40,200.00 ","$67,500.00 ","$38,400.00 ","$52,000.00 ","$98,700.00 ","$151,000.00 "
Utah Valley State College,Public,"$42,400.00 ","$67,100.00 ","$27,000.00 ","$44,100.00 ","$84,900.00 ","$110,000.00 "
University of Missouri - St. Louis (UMSL),Public,"$41,400.00 ","$67,100.00 ","$36,800.00 ","$49,600.00 ","$97,600.00 ","$144,000.00 "
Western Carolina University,Public,"$36,900.00 ","$66,600.00 ","$39,000.00 ","$49,500.00 ","$94,400.00 ","$133,000.00 "
University of Wisconsin (UW) - Oshkosh,Public,"$39,300.00 ","$66,400.00 ","$37,700.00 ","$49,700.00 ","$90,100.00 ","$138,000.00 "
State University of New York (SUNY) at Fredonia,Public,"$37,800.00 ","$66,200.00 ","$32,800.00 ","$44,200.00 ","$93,300.00 ","$181,000.00 "
University of Missouri - Kansas City (UMKC),Public,"$38,900.00 ","$65,800.00 ","$36,300.00 ","$48,100.00 ","$95,800.00 ","$124,000.00 "
University of Wisconsin (UW) - Eau Claire,Public,"$41,400.00 ","$64,800.00 ","$35,000.00 ","$47,300.00 ","$93,100.00 ","$125,000.00 "
Ball State University (BSU),Public,"$39,100.00 ","$64,500.00 ","$35,500.00 ","$48,200.00 ","$89,300.00 ","$128,000.00 "
University of North Carolina at Wilmington (UNCW),Public,"$37,500.00 ","$64,400.00 ","$32,100.00 ","$46,600.00 ","$97,100.00 ","$129,000.00 "
University of Wisconsin (UW) - Stevens Point,Public,"$39,800.00 ","$64,000.00 ","$38,400.00 ","$45,100.00 ","$95,400.00 ","$128,000.00 "
University of Southern Maine,Public,"$39,400.00 ","$63,600.00 ","$40,400.00 ","$47,900.00 ","$85,700.00 ","$117,000.00 "
Arkansas State University (ASU),Public,"$38,700.00 ","$63,300.00 ","$33,600.00 ","$45,300.00 ","$83,900.00 ","$118,000.00 "
Kent State University,Public,"$38,700.00 ","$62,600.00 ","$36,100.00 ","$45,800.00 ","$87,000.00 ","$124,000.00 "
Tarleton State University (TSU),Public,"$40,800.00 ","$62,400.00 ","$32,100.00 ","$47,400.00 ","$80,400.00 ","$126,000.00 "
University of Wisconsin (UW) - Green Bay,Public,"$35,800.00 ","$60,600.00 ","$35,500.00 ","$46,800.00 ","$81,800.00 ","$102,000.00 "
Morehead State University,Public,"$34,800.00 ","$60,600.00 ","$34,300.00 ","$46,500.00 ","$72,000.00 ","$91,300.00 "
Austin Peay State University,Public,"$37,700.00 ","$59,200.00 ","$32,200.00 ","$40,500.00 ","$73,900.00 ","$96,200.00 "
Pittsburg State University,Public,"$40,400.00 ","$58,200.00 ","$25,600.00 ","$46,000.00 ","$84,600.00 ","$117,000.00 "
Southern Utah University,Public,"$41,900.00 ","$56,500.00 ","$30,700.00 ","$39,700.00 ","$78,400.00 ","$116,000.00 "
Montana State University - Billings,Public,"$37,900.00 ","$50,600.00 ","$22,600.00 ","$31,800.00 ","$78,500.00 ","$98,900.00 "
Black Hills State University,Public,"$35,300.00 ","$43,900.00 ","$27,000.00 ","$32,200.00 ","$60,900.00 ","$87,600.00 "
